[{"model": "admin.logentry", "pk": 1, "fields": {"action_time": "2022-04-12T06:39:33.480Z", "user": 1, "content_type": 7, "object_id": "1", "object_repr": "ms4vintagefurniture.example.com", "action_flag": 2, "change_message": "[{\"changed\": {\"fields\": [\"Domain name\", \"Display name\"]}}]"}}, {"model": "admin.logentry", "pk": 2, "fields": {"action_time": "2022-04-12T06:50:14.075Z", "user": 1, "content_type": 8, "object_id": "1", "object_repr": "sebastian.tirsen@gmail.com", "action_flag": 2, "change_message": "[{\"changed\": {\"fields\": [\"Verified\", \"Primary\"]}}]"}}, {"model": "admin.logentry", "pk": 3, "fields": {"action_time": "2022-04-16T11:08:09.525Z", "user": 1, "content_type": 13, "object_id": "1", "object_repr": "Furniture", "action_flag": 1, "change_message": "[{\"added\": {}}]"}}, {"model": "admin.logentry", "pk": 4, "fields": {"action_time": "2022-04-16T11:08:31.846Z", "user": 1, "content_type": 13, "object_id": "2", "object_repr": "Lighting", "action_flag": 1, "change_message": "[{\"added\": {}}]"}}, {"model": "admin.logentry", "pk": 5, "fields": {"action_time": "2022-04-16T11:09:06.348Z", "user": 1, "content_type": 13, "object_id": "3", "object_repr": "Tables", "action_flag": 1, "change_message": "[{\"added\": {}}]"}}, {"model": "admin.logentry", "pk": 6, "fields": {"action_time": "2022-04-16T11:09:29.163Z", "user": 1, "content_type": 13, "object_id": "4", "object_repr": "Chairs", "action_flag": 1, "change_message": "[{\"added\": {}}]"}}, {"model": "admin.logentry", "pk": 7, "fields": {"action_time": "2022-04-16T11:09:51.132Z", "user": 1, "content_type": 13, "object_id": "5", "object_repr": "Storage", "action_flag": 1, "change_message": "[{\"added\": {}}]"}}, {"model": "admin.logentry", "pk": 8, "fields": {"action_time": "2022-04-16T11:10:03.125Z", "user": 1, "content_type": 13, "object_id": "6", "object_repr": "Shelves", "action_flag": 1, "change_message": "[{\"added\": {}}]"}}, {"model": "admin.logentry", "pk": 9, "fields": {"action_time": "2022-04-16T11:11:02.332Z", "user": 1, "content_type": 13, "object_id": "7", "object_repr": "Ceiling & Wall Lights", "action_flag": 1, "change_message": "[{\"added\": {}}]"}}, {"model": "admin.logentry", "pk": 10, "fields": {"action_time": "2022-04-16T11:11:25.871Z", "user": 1, "content_type": 13, "object_id": "8", "object_repr": "Desk Lamps", "action_flag": 1, "change_message": "[{\"added\": {}}]"}}, {"model": "admin.logentry", "pk": 11, "fields": {"action_time": "2022-04-16T11:11:40.485Z", "user": 1, "content_type": 13, "object_id": "9", "object_repr": "Floor Lamps", "action_flag": 1, "change_message": "[{\"added\": {}}]"}}, {"model": "admin.logentry", "pk": 12, "fields": {"action_time": "2022-04-16T11:11:59.133Z", "user": 1, "content_type": 13, "object_id": "10", "object_repr": "Brand", "action_flag": 1, "change_message": "[{\"added\": {}}]"}}, {"model": "admin.logentry", "pk": 13, "fields": {"action_time": "2022-04-16T11:24:12.240Z", "user": 1, "content_type": 14, "object_id": "1", "object_repr": "Snowball - Pendant", "action_flag": 1, "change_message": "[{\"added\": {}}]"}}, {"model": "admin.logentry", "pk": 14, "fields": {"action_time": "2022-04-16T11:26:02.595Z", "user": 1, "content_type": 14, "object_id": "1", "object_repr": "Snowball - Pendant", "action_flag": 2, "change_message": "[{\"changed\": {\"fields\": [\"Price\"]}}]"}}, {"model": "admin.logentry", "pk": 15, "fields": {"action_time": "2022-04-16T11:26:18.420Z", "user": 1, "content_type": 14, "object_id": "1", "object_repr": "Snowball - Pendant", "action_flag": 2, "change_message": "[{\"changed\": {\"fields\": [\"Image\"]}}]"}}, {"model": "admin.logentry", "pk": 16, "fields": {"action_time": "2022-04-16T11:28:59.812Z", "user": 1, "content_type": 14, "object_id": "2", "object_repr": "PK 61", "action_flag": 1, "change_message": "[{\"added\": {}}]"}}, {"model": "admin.logentry", "pk": 17, "fields": {"action_time": "2022-04-16T11:30:51.637Z", "user": 1, "content_type": 14, "object_id": "3", "object_repr": "LAMINO ARMCHAIR", "action_flag": 1, "change_message": "[{\"added\": {}}]"}}, {"model": "admin.logentry", "pk": 18, "fields": {"action_time": "2022-04-16T11:31:14.217Z", "user": 1, "content_type": 14, "object_id": "3", "object_repr": "Lamino Armchair", "action_flag": 2, "change_message": "[{\"changed\": {\"fields\": [\"Name\"]}}]"}}, {"model": "admin.logentry", "pk": 19, "fields": {"action_time": "2022-04-16T12:11:38.778Z", "user": 1, "content_type": 14, "object_id": "4", "object_repr": "Collect 2013 Cabinet", "action_flag": 1, "change_message": "[{\"added\": {}}]"}}, {"model": "admin.logentry", "pk": 20, "fields": {"action_time": "2022-04-16T12:19:53.568Z", "user": 1, "content_type": 14, "object_id": "5", "object_repr": "Snoopy", "action_flag": 1, "change_message": "[{\"added\": {}}]"}}, {"model": "admin.logentry", "pk": 21, "fields": {"action_time": "2022-04-16T12:21:32.100Z", "user": 1, "content_type": 14, "object_id": "6", "object_repr": "Panthella Floor lamp", "action_flag": 1, "change_message": "[{\"added\": {}}]"}}, {"model": "admin.logentry", "pk": 22, "fields": {"action_time": "2022-04-16T12:23:33.279Z", "user": 1, "content_type": 14, "object_id": "7", "object_repr": "LEVIER UNIT 2/5 SHELF WALL", "action_flag": 1, "change_message": "[{\"added\": {}}]"}}, {"model": "admin.logentry", "pk": 23, "fields": {"action_time": "2022-04-16T12:28:34.572Z", "user": 1, "content_type": 13, "object_id": "1", "object_repr": "New Arrivals", "action_flag": 2, "change_message": "[{\"changed\": {\"fields\": [\"Name\", \"Friendly name\"]}}]"}}, {"model": "admin.logentry", "pk": 24, "fields": {"action_time": "2022-04-16T12:28:54.852Z", "user": 1, "content_type": 13, "object_id": "2", "object_repr": "Deals", "action_flag": 2, "change_message": "[{\"changed\": {\"fields\": [\"Name\", \"Friendly name\"]}}]"}}, {"model": "admin.logentry", "pk": 25, "fields": {"action_time": "2022-04-16T12:29:24.479Z", "user": 1, "content_type": 13, "object_id": "10", "object_repr": "Clearance", "action_flag": 2, "change_message": "[{\"changed\": {\"fields\": [\"Name\", \"Friendly name\"]}}]"}}, {"model": "admin.logentry", "pk": 26, "fields": {"action_time": "2022-04-16T12:40:20.321Z", "user": 1, "content_type": 14, "object_id": "4", "object_repr": "Collect 2013 Cabinet", "action_flag": 2, "change_message": "[{\"changed\": {\"fields\": [\"Condition\"]}}]"}}, {"model": "admin.logentry", "pk": 27, "fields": {"action_time": "2022-04-16T12:40:54.866Z", "user": 1, "content_type": 14, "object_id": "4", "object_repr": "Collect 2013 Cabinet", "action_flag": 2, "change_message": "[]"}}, {"model": "admin.logentry", "pk": 28, "fields": {"action_time": "2022-04-16T12:41:07.459Z", "user": 1, "content_type": 14, "object_id": "2", "object_repr": "PK 61", "action_flag": 2, "change_message": "[{\"changed\": {\"fields\": [\"Condition\"]}}]"}}, {"model": "admin.logentry", "pk": 29, "fields": {"action_time": "2022-04-16T12:41:17.005Z", "user": 1, "content_type": 14, "object_id": "6", "object_repr": "Panthella Floor lamp", "action_flag": 2, "change_message": "[]"}}, {"model": "admin.logentry", "pk": 30, "fields": {"action_time": "2022-04-16T12:43:06.002Z", "user": 1, "content_type": 14, "object_id": "5", "object_repr": "Snoopy", "action_flag": 2, "change_message": "[{\"changed\": {\"fields\": [\"Condition\"]}}]"}}, {"model": "admin.logentry", "pk": 31, "fields": {"action_time": "2022-04-18T13:37:11.096Z", "user": 1, "content_type": 14, "object_id": "8", "object_repr": "CH24 Y-CHAIR", "action_flag": 1, "change_message": "[{\"added\": {}}]"}}, {"model": "admin.logentry", "pk": 32, "fields": {"action_time": "2022-04-18T13:44:49.439Z", "user": 1, "content_type": 14, "object_id": "2", "object_repr": "PK 61", "action_flag": 3, "change_message": ""}}, {"model": "admin.logentry", "pk": 33, "fields": {"action_time": "2022-04-18T13:44:49.441Z", "user": 1, "content_type": 14, "object_id": "3", "object_repr": "Lamino Armchair", "action_flag": 3, "change_message": ""}}, {"model": "admin.logentry", "pk": 34, "fields": {"action_time": "2022-04-18T13:44:49.442Z", "user": 1, "content_type": 14, "object_id": "4", "object_repr": "Collect 2013 Cabinet", "action_flag": 3, "change_message": ""}}, {"model": "admin.logentry", "pk": 35, "fields": {"action_time": "2022-04-18T13:44:49.444Z", "user": 1, "content_type": 14, "object_id": "7", "object_repr": "LEVIER UNIT 2/5 SHELF WALL", "action_flag": 3, "change_message": ""}}, {"model": "admin.logentry", "pk": 36, "fields": {"action_time": "2022-04-18T13:44:49.445Z", "user": 1, "content_type": 14, "object_id": "1", "object_repr": "Snowball - Pendant", "action_flag": 3, "change_message": ""}}, {"model": "admin.logentry", "pk": 37, "fields": {"action_time": "2022-04-18T13:44:49.446Z", "user": 1, "content_type": 14, "object_id": "5", "object_repr": "Snoopy", "action_flag": 3, "change_message": ""}}, {"model": "admin.logentry", "pk": 38, "fields": {"action_time": "2022-04-18T13:44:49.448Z", "user": 1, "content_type": 14, "object_id": "6", "object_repr": "Panthella Floor lamp", "action_flag": 3, "change_message": ""}}, {"model": "admin.logentry", "pk": 39, "fields": {"action_time": "2022-04-18T13:46:22.367Z", "user": 1, "content_type": 14, "object_id": "9", "object_repr": "LAMINO ARMCHAIR", "action_flag": 1, "change_message": "[{\"added\": {}}]"}}, {"model": "admin.logentry", "pk": 40, "fields": {"action_time": "2022-04-18T13:48:20.802Z", "user": 1, "content_type": 14, "object_id": "10", "object_repr": "CH327", "action_flag": 1, "change_message": "[{\"added\": {}}]"}}, {"model": "admin.logentry", "pk": 41, "fields": {"action_time": "2022-04-18T13:50:24.443Z", "user": 1, "content_type": 14, "object_id": "11", "object_repr": "PK61", "action_flag": 1, "change_message": "[{\"added\": {}}]"}}, {"model": "admin.logentry", "pk": 42, "fields": {"action_time": "2022-04-18T13:52:00.564Z", "user": 1, "content_type": 14, "object_id": "12", "object_repr": "Nati tati", "action_flag": 1, "change_message": "[{\"added\": {}}]"}}, {"model": "admin.logentry", "pk": 43, "fields": {"action_time": "2022-04-18T13:53:29.925Z", "user": 1, "content_type": 14, "object_id": "13", "object_repr": "COLLECT 2013 CABINET", "action_flag": 1, "change_message": "[{\"added\": {}}]"}}, {"model": "admin.logentry", "pk": 44, "fields": {"action_time": "2022-04-18T13:55:02.221Z", "user": 1, "content_type": 14, "object_id": "14", "object_repr": "LEVIER UNIT 2/5 SHELF WALL", "action_flag": 1, "change_message": "[{\"added\": {}}]"}}, {"model": "admin.logentry", "pk": 45, "fields": {"action_time": "2022-04-18T13:56:48.544Z", "user": 1, "content_type": 14, "object_id": "15", "object_repr": "TREE COAT RACK WALL HIGH", "action_flag": 1, "change_message": "[{\"added\": {}}]"}}, {"model": "admin.logentry", "pk": 46, "fields": {"action_time": "2022-04-18T13:58:20.149Z", "user": 1, "content_type": 14, "object_id": "16", "object_repr": "Snowball pendant", "action_flag": 1, "change_message": "[{\"added\": {}}]"}}, {"model": "admin.logentry", "pk": 47, "fields": {"action_time": "2022-04-18T13:59:44.095Z", "user": 1, "content_type": 14, "object_id": "17", "object_repr": "Snoopy", "action_flag": 1, "change_message": "[{\"added\": {}}]"}}, {"model": "admin.logentry", "pk": 48, "fields": {"action_time": "2022-04-18T14:00:23.918Z", "user": 1, "content_type": 14, "object_id": "17", "object_repr": "Snoopy", "action_flag": 3, "change_message": ""}}, {"model": "admin.logentry", "pk": 49, "fields": {"action_time": "2022-04-18T14:01:38.064Z", "user": 1, "content_type": 14, "object_id": "18", "object_repr": "Snoopy", "action_flag": 1, "change_message": "[{\"added\": {}}]"}}, {"model": "admin.logentry", "pk": 50, "fields": {"action_time": "2022-04-18T14:03:01.503Z", "user": 1, "content_type": 14, "object_id": "19", "object_repr": "Panthella Floor lamp", "action_flag": 1, "change_message": "[{\"added\": {}}]"}}, {"model": "admin.logentry", "pk": 51, "fields": {"action_time": "2022-04-18T14:04:25.588Z", "user": 1, "content_type": 14, "object_id": "20", "object_repr": "TARAXACUM 88 C/W", "action_flag": 1, "change_message": "[{\"added\": {}}]"}}, {"model": "admin.logentry", "pk": 52, "fields": {"action_time": "2022-04-22T06:13:13.510Z", "user": 1, "content_type": 14, "object_id": "21", "object_repr": "Ruby Tomato", "action_flag": 1, "change_message": "[{\"added\": {}}]"}}, {"model": "admin.logentry", "pk": 53, "fields": {"action_time": "2022-04-22T06:16:02.684Z", "user": 1, "content_type": 14, "object_id": "21", "object_repr": "Ruby Tomato", "action_flag": 2, "change_message": "[{\"changed\": {\"fields\": [\"Category\"]}}]"}}, {"model": "admin.logentry", "pk": 54, "fields": {"action_time": "2022-04-22T06:16:54.501Z", "user": 1, "content_type": 14, "object_id": "21", "object_repr": "Ruby Tomato", "action_flag": 2, "change_message": "[{\"changed\": {\"fields\": [\"Image\"]}}]"}}, {"model": "admin.logentry", "pk": 55, "fields": {"action_time": "2022-04-24T19:38:33.576Z", "user": 1, "content_type": 18, "object_id": "2", "object_repr": "Ruby Tomato", "action_flag": 2, "change_message": "[{\"changed\": {\"fields\": [\"Description\", \"User\"]}}]"}}, {"model": "admin.logentry", "pk": 56, "fields": {"action_time": "2022-04-24T19:38:41.782Z", "user": 1, "content_type": 18, "object_id": "1", "object_repr": "Sebastian Tirsén", "action_flag": 2, "change_message": "[{\"changed\": {\"fields\": [\"User\"]}}]"}}, {"model": "admin.logentry", "pk": 57, "fields": {"action_time": "2022-04-24T19:49:50.676Z", "user": 1, "content_type": 18, "object_id": "3", "object_repr": "Testing", "action_flag": 2, "change_message": "[{\"changed\": {\"fields\": [\"User\"]}}]"}}, {"model": "admin.logentry", "pk": 58, "fields": {"action_time": "2022-04-24T19:49:54.377Z", "user": 1, "content_type": 18, "object_id": "2", "object_repr": "Ruby Tomato", "action_flag": 2, "change_message": "[]"}}, {"model": "admin.logentry", "pk": 59, "fields": {"action_time": "2022-04-24T19:49:59.615Z", "user": 1, "content_type": 18, "object_id": "1", "object_repr": "Sebastian Tirsén", "action_flag": 2, "change_message": "[{\"changed\": {\"fields\": [\"User\"]}}]"}}, {"model": "admin.logentry", "pk": 60, "fields": {"action_time": "2022-04-24T19:51:59.242Z", "user": 1, "content_type": 18, "object_id": "3", "object_repr": "Testing", "action_flag": 2, "change_message": "[{\"changed\": {\"fields\": [\"User\"]}}]"}}, {"model": "admin.logentry", "pk": 61, "fields": {"action_time": "2022-04-24T19:52:05.543Z", "user": 1, "content_type": 18, "object_id": "2", "object_repr": "Ruby Tomato", "action_flag": 2, "change_message": "[{\"changed\": {\"fields\": [\"User\"]}}]"}}, {"model": "admin.logentry", "pk": 62, "fields": {"action_time": "2022-04-24T19:52:11.357Z", "user": 1, "content_type": 18, "object_id": "1", "object_repr": "Sebastian Tirsén", "action_flag": 2, "change_message": "[{\"changed\": {\"fields\": [\"User\"]}}]"}}, {"model": "admin.logentry", "pk": 63, "fields": {"action_time": "2022-04-25T13:52:30.351Z", "user": 1, "content_type": 18, "object_id": "3", "object_repr": "Testing", "action_flag": 2, "change_message": "[{\"changed\": {\"fields\": [\"User\"]}}]"}}, {"model": "admin.logentry", "pk": 64, "fields": {"action_time": "2022-04-25T18:49:36.187Z", "user": 1, "content_type": 16, "object_id": "1", "object_repr": "34EC3EBD7D26458DB47ED2AFF40B101D", "action_flag": 3, "change_message": ""}}, {"model": "admin.logentry", "pk": 65, "fields": {"action_time": "2022-04-25T18:54:22.035Z", "user": 1, "content_type": 16, "object_id": "3", "object_repr": "84383857C88B44028BDFC3945BD4F22E", "action_flag": 2, "change_message": "[{\"deleted\": {\"name\": \"order line item\", \"object\": \"Furniture Snoopy on order 84383857C88B44028BDFC3945BD4F22E\"}}]"}}, {"model": "admin.logentry", "pk": 66, "fields": {"action_time": "2022-04-25T18:54:58.882Z", "user": 1, "content_type": 16, "object_id": "2", "object_repr": "CD82396B0EF74EED82B780615D3DDA6B", "action_flag": 3, "change_message": ""}}, {"model": "admin.logentry", "pk": 67, "fields": {"action_time": "2022-04-25T21:01:25.469Z", "user": 1, "content_type": 16, "object_id": "17", "object_repr": "4197C2EC097D4372AA1C7C334F0508A2", "action_flag": 3, "change_message": ""}}, {"model": "admin.logentry", "pk": 68, "fields": {"action_time": "2022-04-25T21:01:35.952Z", "user": 1, "content_type": 16, "object_id": "18", "object_repr": "9E1A923F203C4DFB8361BA750116B2AF", "action_flag": 3, "change_message": ""}}, {"model": "admin.logentry", "pk": 69, "fields": {"action_time": "2022-04-25T21:01:35.954Z", "user": 1, "content_type": 16, "object_id": "16", "object_repr": "AE2482667D4B41039C62D581F131D91C", "action_flag": 3, "change_message": ""}}, {"model": "admin.logentry", "pk": 70, "fields": {"action_time": "2022-04-25T21:01:35.955Z", "user": 1, "content_type": 16, "object_id": "15", "object_repr": "0C66BE881CCA4B33864D4ADC374596CB", "action_flag": 3, "change_message": ""}}, {"model": "admin.logentry", "pk": 71, "fields": {"action_time": "2022-04-25T21:01:35.957Z", "user": 1, "content_type": 16, "object_id": "14", "object_repr": "36F4FDA757CA4B639231D6C15447E32C", "action_flag": 3, "change_message": ""}}, {"model": "admin.logentry", "pk": 72, "fields": {"action_time": "2022-04-25T21:01:35.958Z", "user": 1, "content_type": 16, "object_id": "13", "object_repr": "736F949CA3E64A4186B0BBC5B5DEF0E7", "action_flag": 3, "change_message": ""}}, {"model": "admin.logentry", "pk": 73, "fields": {"action_time": "2022-04-25T21:01:35.959Z", "user": 1, "content_type": 16, "object_id": "12", "object_repr": "DC59FB1C3DEF4D70AFFE970F01A21956", "action_flag": 3, "change_message": ""}}, {"model": "admin.logentry", "pk": 74, "fields": {"action_time": "2022-04-25T21:01:35.961Z", "user": 1, "content_type": 16, "object_id": "11", "object_repr": "394EDEBAFD81486698016F57D35138AE", "action_flag": 3, "change_message": ""}}, {"model": "admin.logentry", "pk": 75, "fields": {"action_time": "2022-04-25T21:01:35.962Z", "user": 1, "content_type": 16, "object_id": "10", "object_repr": "30A7CACEED4F4DB793696B49E57D8FBF", "action_flag": 3, "change_message": ""}}, {"model": "admin.logentry", "pk": 76, "fields": {"action_time": "2022-04-25T21:01:35.963Z", "user": 1, "content_type": 16, "object_id": "9", "object_repr": "F733F8A2AB704263B29D6D4CF5F66504", "action_flag": 3, "change_message": ""}}, {"model": "admin.logentry", "pk": 77, "fields": {"action_time": "2022-04-25T21:01:35.965Z", "user": 1, "content_type": 16, "object_id": "8", "object_repr": "35884799197C42698746C18A2943E155", "action_flag": 3, "change_message": ""}}, {"model": "admin.logentry", "pk": 78, "fields": {"action_time": "2022-04-25T21:01:35.967Z", "user": 1, "content_type": 16, "object_id": "7", "object_repr": "D7868460F2C14E419FA6E23592B06C1D", "action_flag": 3, "change_message": ""}}, {"model": "admin.logentry", "pk": 79, "fields": {"action_time": "2022-04-25T21:01:35.968Z", "user": 1, "content_type": 16, "object_id": "6", "object_repr": "CFACDD430FCA4E2AA83595ABB3374B2D", "action_flag": 3, "change_message": ""}}, {"model": "admin.logentry", "pk": 80, "fields": {"action_time": "2022-04-25T21:01:35.970Z", "user": 1, "content_type": 16, "object_id": "5", "object_repr": "4CC0809C033A4B83A292C03CC5E136CD", "action_flag": 3, "change_message": ""}}, {"model": "admin.logentry", "pk": 81, "fields": {"action_time": "2022-04-25T21:01:35.972Z", "user": 1, "content_type": 16, "object_id": "4", "object_repr": "7610F33188D04EF58F8DD5D9BE92F7D3", "action_flag": 3, "change_message": ""}}, {"model": "admin.logentry", "pk": 82, "fields": {"action_time": "2022-04-25T21:01:35.973Z", "user": 1, "content_type": 16, "object_id": "3", "object_repr": "84383857C88B44028BDFC3945BD4F22E", "action_flag": 3, "change_message": ""}}, {"model": "admin.logentry", "pk": 83, "fields": {"action_time": "2022-04-26T04:55:44.555Z", "user": 1, "content_type": 16, "object_id": "28", "object_repr": "79E38B94C17443C3ABEF444B18B8F77C", "action_flag": 3, "change_message": ""}}, {"model": "admin.logentry", "pk": 84, "fields": {"action_time": "2022-04-26T04:55:44.557Z", "user": 1, "content_type": 16, "object_id": "27", "object_repr": "EC1C304AC1E94F169EF838D3B2642232", "action_flag": 3, "change_message": ""}}, {"model": "admin.logentry", "pk": 85, "fields": {"action_time": "2022-04-26T04:55:44.559Z", "user": 1, "content_type": 16, "object_id": "26", "object_repr": "1347C11BD6F34CCBB56975D24D33BC88", "action_flag": 3, "change_message": ""}}, {"model": "admin.logentry", "pk": 86, "fields": {"action_time": "2022-04-26T04:55:44.560Z", "user": 1, "content_type": 16, "object_id": "25", "object_repr": "9000BDEBB50041438FFFC2CDECCB848A", "action_flag": 3, "change_message": ""}}, {"model": "admin.logentry", "pk": 87, "fields": {"action_time": "2022-04-26T04:55:44.561Z", "user": 1, "content_type": 16, "object_id": "24", "object_repr": "FC0E589BC4D44CC9AEFD7CB51C18727C", "action_flag": 3, "change_message": ""}}, {"model": "admin.logentry", "pk": 88, "fields": {"action_time": "2022-04-26T04:55:44.562Z", "user": 1, "content_type": 16, "object_id": "23", "object_repr": "714395625A144510BC7FC8D039FD791A", "action_flag": 3, "change_message": ""}}, {"model": "admin.logentry", "pk": 89, "fields": {"action_time": "2022-04-26T04:55:44.564Z", "user": 1, "content_type": 16, "object_id": "22", "object_repr": "F26A43B5B8694805A196B1ED33619A9E", "action_flag": 3, "change_message": ""}}, {"model": "admin.logentry", "pk": 90, "fields": {"action_time": "2022-04-26T04:55:44.565Z", "user": 1, "content_type": 16, "object_id": "21", "object_repr": "172C56CC0D8242468AC51E3BA825AC76", "action_flag": 3, "change_message": ""}}, {"model": "admin.logentry", "pk": 91, "fields": {"action_time": "2022-04-26T04:55:44.566Z", "user": 1, "content_type": 16, "object_id": "20", "object_repr": "142E04353F2D4E28962EBF40060A3DB5", "action_flag": 3, "change_message": ""}}, {"model": "admin.logentry", "pk": 92, "fields": {"action_time": "2022-04-26T04:55:44.568Z", "user": 1, "content_type": 16, "object_id": "19", "object_repr": "9BB22480916F4F9F91E69D6EB1923A78", "action_flag": 3, "change_message": ""}}, {"model": "admin.logentry", "pk": 93, "fields": {"action_time": "2022-04-26T04:55:44.569Z", "user": 1, "content_type": 16, "object_id": "18", "object_repr": "9E1A923F203C4DFB8361BA750116B2AF", "action_flag": 3, "change_message": ""}}, {"model": "admin.logentry", "pk": 94, "fields": {"action_time": "2022-04-26T04:55:44.570Z", "user": 1, "content_type": 16, "object_id": "16", "object_repr": "AE2482667D4B41039C62D581F131D91C", "action_flag": 3, "change_message": ""}}, {"model": "admin.logentry", "pk": 95, "fields": {"action_time": "2022-04-26T04:55:44.571Z", "user": 1, "content_type": 16, "object_id": "15", "object_repr": "0C66BE881CCA4B33864D4ADC374596CB", "action_flag": 3, "change_message": ""}}, {"model": "admin.logentry", "pk": 96, "fields": {"action_time": "2022-04-26T04:55:44.573Z", "user": 1, "content_type": 16, "object_id": "14", "object_repr": "36F4FDA757CA4B639231D6C15447E32C", "action_flag": 3, "change_message": ""}}, {"model": "admin.logentry", "pk": 97, "fields": {"action_time": "2022-04-26T04:55:44.574Z", "user": 1, "content_type": 16, "object_id": "13", "object_repr": "736F949CA3E64A4186B0BBC5B5DEF0E7", "action_flag": 3, "change_message": ""}}, {"model": "admin.logentry", "pk": 98, "fields": {"action_time": "2022-04-26T04:55:44.575Z", "user": 1, "content_type": 16, "object_id": "12", "object_repr": "DC59FB1C3DEF4D70AFFE970F01A21956", "action_flag": 3, "change_message": ""}}, {"model": "admin.logentry", "pk": 99, "fields": {"action_time": "2022-04-26T04:55:44.577Z", "user": 1, "content_type": 16, "object_id": "11", "object_repr": "394EDEBAFD81486698016F57D35138AE", "action_flag": 3, "change_message": ""}}, {"model": "admin.logentry", "pk": 100, "fields": {"action_time": "2022-04-26T04:55:44.578Z", "user": 1, "content_type": 16, "object_id": "10", "object_repr": "30A7CACEED4F4DB793696B49E57D8FBF", "action_flag": 3, "change_message": ""}}, {"model": "admin.logentry", "pk": 101, "fields": {"action_time": "2022-04-26T04:55:44.579Z", "user": 1, "content_type": 16, "object_id": "9", "object_repr": "F733F8A2AB704263B29D6D4CF5F66504", "action_flag": 3, "change_message": ""}}, {"model": "admin.logentry", "pk": 102, "fields": {"action_time": "2022-04-26T04:55:44.580Z", "user": 1, "content_type": 16, "object_id": "8", "object_repr": "35884799197C42698746C18A2943E155", "action_flag": 3, "change_message": ""}}, {"model": "admin.logentry", "pk": 103, "fields": {"action_time": "2022-04-26T04:55:44.582Z", "user": 1, "content_type": 16, "object_id": "7", "object_repr": "D7868460F2C14E419FA6E23592B06C1D", "action_flag": 3, "change_message": ""}}, {"model": "admin.logentry", "pk": 104, "fields": {"action_time": "2022-04-26T04:55:44.583Z", "user": 1, "content_type": 16, "object_id": "6", "object_repr": "CFACDD430FCA4E2AA83595ABB3374B2D", "action_flag": 3, "change_message": ""}}, {"model": "admin.logentry", "pk": 105, "fields": {"action_time": "2022-04-26T04:55:44.584Z", "user": 1, "content_type": 16, "object_id": "5", "object_repr": "4CC0809C033A4B83A292C03CC5E136CD", "action_flag": 3, "change_message": ""}}, {"model": "admin.logentry", "pk": 106, "fields": {"action_time": "2022-04-26T04:55:44.585Z", "user": 1, "content_type": 16, "object_id": "4", "object_repr": "7610F33188D04EF58F8DD5D9BE92F7D3", "action_flag": 3, "change_message": ""}}, {"model": "admin.logentry", "pk": 107, "fields": {"action_time": "2022-04-26T04:55:44.587Z", "user": 1, "content_type": 16, "object_id": "3", "object_repr": "84383857C88B44028BDFC3945BD4F22E", "action_flag": 3, "change_message": ""}}, {"model": "admin.logentry", "pk": 108, "fields": {"action_time": "2022-04-26T11:15:38.428Z", "user": 1, "content_type": 16, "object_id": "39", "object_repr": "BF076840288B4D16923095E2A2FC0E5F", "action_flag": 3, "change_message": ""}}, {"model": "admin.logentry", "pk": 109, "fields": {"action_time": "2022-04-26T11:15:38.431Z", "user": 1, "content_type": 16, "object_id": "38", "object_repr": "6CDEB1EAE4EC44A6883CDF34A5B2B723", "action_flag": 3, "change_message": ""}}, {"model": "admin.logentry", "pk": 110, "fields": {"action_time": "2022-04-26T11:15:38.433Z", "user": 1, "content_type": 16, "object_id": "37", "object_repr": "C0979D61D0894D11BD8C42556632949E", "action_flag": 3, "change_message": ""}}, {"model": "admin.logentry", "pk": 111, "fields": {"action_time": "2022-04-26T11:15:38.434Z", "user": 1, "content_type": 16, "object_id": "36", "object_repr": "4A88E042E87D4CB9AF301FB484D091CC", "action_flag": 3, "change_message": ""}}, {"model": "admin.logentry", "pk": 112, "fields": {"action_time": "2022-04-26T11:15:38.436Z", "user": 1, "content_type": 16, "object_id": "35", "object_repr": "00BC1F73FFA4426AABED9592E31F1F47", "action_flag": 3, "change_message": ""}}, {"model": "admin.logentry", "pk": 113, "fields": {"action_time": "2022-04-26T11:15:38.438Z", "user": 1, "content_type": 16, "object_id": "34", "object_repr": "C7B0F39D28954E70878240B10E1ED60C", "action_flag": 3, "change_message": ""}}, {"model": "admin.logentry", "pk": 114, "fields": {"action_time": "2022-04-26T11:15:38.439Z", "user": 1, "content_type": 16, "object_id": "33", "object_repr": "2AA3B8BE683C4BDB92E86C3F1DF8985D", "action_flag": 3, "change_message": ""}}, {"model": "admin.logentry", "pk": 115, "fields": {"action_time": "2022-04-26T11:15:38.441Z", "user": 1, "content_type": 16, "object_id": "32", "object_repr": "F53198D6CCD145AA8B5FA2D6EEE1C5D3", "action_flag": 3, "change_message": ""}}, {"model": "admin.logentry", "pk": 116, "fields": {"action_time": "2022-04-26T11:15:38.443Z", "user": 1, "content_type": 16, "object_id": "31", "object_repr": "F592371577FC4ADF96840461DFA5F03A", "action_flag": 3, "change_message": ""}}, {"model": "admin.logentry", "pk": 117, "fields": {"action_time": "2022-04-26T11:15:38.445Z", "user": 1, "content_type": 16, "object_id": "30", "object_repr": "E2EAD931A0AA4E4DAE9A4C5A78CE60A7", "action_flag": 3, "change_message": ""}}, {"model": "admin.logentry", "pk": 118, "fields": {"action_time": "2022-04-26T11:15:38.446Z", "user": 1, "content_type": 16, "object_id": "29", "object_repr": "3FA3CC0C623A4E2A95655584011F22C8", "action_flag": 3, "change_message": ""}}, {"model": "admin.logentry", "pk": 119, "fields": {"action_time": "2022-04-26T16:52:48.675Z", "user": 1, "content_type": 16, "object_id": "42", "object_repr": "3010A58C304045E4A4A791B03DA1A147", "action_flag": 3, "change_message": ""}}, {"model": "admin.logentry", "pk": 120, "fields": {"action_time": "2022-04-26T16:52:48.678Z", "user": 1, "content_type": 16, "object_id": "41", "object_repr": "5E6428C057464990B7AFD828A20ACB5D", "action_flag": 3, "change_message": ""}}, {"model": "admin.logentry", "pk": 121, "fields": {"action_time": "2022-04-26T16:52:48.680Z", "user": 1, "content_type": 16, "object_id": "40", "object_repr": "E4A0BFCFD90144828D69B7CCCBF4D54A", "action_flag": 3, "change_message": ""}}, {"model": "admin.logentry", "pk": 122, "fields": {"action_time": "2022-04-27T08:25:55.436Z", "user": 1, "content_type": 16, "object_id": "7", "object_repr": "B058FDAD32E8472BB87314D7BF21AB3C", "action_flag": 2, "change_message": "[{\"deleted\": {\"name\": \"order line item\", \"object\": \"Furniture TARAXACUM 88 C/W on order B058FDAD32E8472BB87314D7BF21AB3C\"}}, {\"deleted\": {\"name\": \"order line item\", \"object\": \"Furniture Ruby Tomato on order B058FDAD32E8472BB87314D7BF21AB3C\"}}]"}}, {"model": "admin.logentry", "pk": 123, "fields": {"action_time": "2022-04-27T08:26:11.578Z", "user": 1, "content_type": 16, "object_id": "7", "object_repr": "B058FDAD32E8472BB87314D7BF21AB3C", "action_flag": 2, "change_message": "[{\"added\": {\"name\": \"order line item\", \"object\": \"Furniture CH327 on order B058FDAD32E8472BB87314D7BF21AB3C\"}}]"}}, {"model": "admin.logentry", "pk": 124, "fields": {"action_time": "2022-04-27T16:32:21.624Z", "user": 1, "content_type": 4, "object_id": "3", "object_repr": "Ballekula", "action_flag": 3, "change_message": ""}}, {"model": "admin.logentry", "pk": 125, "fields": {"action_time": "2022-04-27T16:32:21.648Z", "user": 1, "content_type": 4, "object_id": "2", "object_repr": "Kallekula", "action_flag": 3, "change_message": ""}}, {"model": "admin.logentry", "pk": 126, "fields": {"action_time": "2022-04-27T16:32:21.667Z", "user": 1, "content_type": 4, "object_id": "4", "object_repr": "Pelle", "action_flag": 3, "change_message": ""}}, {"model": "admin.logentry", "pk": 127, "fields": {"action_time": "2022-04-27T16:32:47.559Z", "user": 1, "content_type": 4, "object_id": "3", "object_repr": "Ballekula", "action_flag": 3, "change_message": ""}}, {"model": "admin.logentry", "pk": 128, "fields": {"action_time": "2022-04-27T16:32:58.566Z", "user": 1, "content_type": 4, "object_id": "2", "object_repr": "Kallekula", "action_flag": 3, "change_message": ""}}, {"model": "admin.logentry", "pk": 129, "fields": {"action_time": "2022-04-27T16:33:16.459Z", "user": 1, "content_type": 4, "object_id": "4", "object_repr": "Pelle", "action_flag": 3, "change_message": ""}}, {"model": "admin.logentry", "pk": 130, "fields": {"action_time": "2022-04-27T16:34:29.408Z", "user": 1, "content_type": 4, "object_id": "2", "object_repr": "Kallekula", "action_flag": 3, "change_message": ""}}, {"model": "admin.logentry", "pk": 131, "fields": {"action_time": "2022-04-28T14:40:53.275Z", "user": 1, "content_type": 16, "object_id": "26", "object_repr": "28E30A81BFBC419FA81D207569C3C076", "action_flag": 3, "change_message": ""}}, {"model": "admin.logentry", "pk": 132, "fields": {"action_time": "2022-04-28T14:40:53.281Z", "user": 1, "content_type": 16, "object_id": "25", "object_repr": "69584578E8B341A89BE2B9A77E53B5B5", "action_flag": 3, "change_message": ""}}, {"model": "admin.logentry", "pk": 133, "fields": {"action_time": "2022-04-28T14:40:53.282Z", "user": 1, "content_type": 16, "object_id": "24", "object_repr": "7552D5B781C0483F95F5067217CA9675", "action_flag": 3, "change_message": ""}}, {"model": "admin.logentry", "pk": 134, "fields": {"action_time": "2022-04-28T14:40:53.284Z", "user": 1, "content_type": 16, "object_id": "23", "object_repr": "764612110A954A0C81837A0C28EBEDC8", "action_flag": 3, "change_message": ""}}, {"model": "admin.logentry", "pk": 135, "fields": {"action_time": "2022-04-28T14:40:53.285Z", "user": 1, "content_type": 16, "object_id": "22", "object_repr": "BD1A90201FD54278AB3E25E5F093D049", "action_flag": 3, "change_message": ""}}, {"model": "admin.logentry", "pk": 136, "fields": {"action_time": "2022-04-28T14:40:53.286Z", "user": 1, "content_type": 16, "object_id": "21", "object_repr": "66E27A2B9EA44645B5CC12AB5442A0AE", "action_flag": 3, "change_message": ""}}, {"model": "admin.logentry", "pk": 137, "fields": {"action_time": "2022-04-28T14:40:53.291Z", "user": 1, "content_type": 16, "object_id": "20", "object_repr": "6B85887CD2824ABD8BEDAF6E2533DAD5", "action_flag": 3, "change_message": ""}}, {"model": "admin.logentry", "pk": 138, "fields": {"action_time": "2022-04-28T14:40:53.296Z", "user": 1, "content_type": 16, "object_id": "19", "object_repr": "A9BEF11B1EF941A8AFEE7353CD59BB20", "action_flag": 3, "change_message": ""}}, {"model": "admin.logentry", "pk": 139, "fields": {"action_time": "2022-04-28T14:40:53.298Z", "user": 1, "content_type": 16, "object_id": "18", "object_repr": "0F19C4DAFFC548E4B5E10E42D409F900", "action_flag": 3, "change_message": ""}}, {"model": "admin.logentry", "pk": 140, "fields": {"action_time": "2022-04-28T14:40:53.304Z", "user": 1, "content_type": 16, "object_id": "17", "object_repr": "13027C98F5EC49E794F231C1C143CA18", "action_flag": 3, "change_message": ""}}, {"model": "admin.logentry", "pk": 141, "fields": {"action_time": "2022-04-28T14:40:53.313Z", "user": 1, "content_type": 16, "object_id": "16", "object_repr": "97E70243534C4610862BC24358CE80DB", "action_flag": 3, "change_message": ""}}, {"model": "admin.logentry", "pk": 142, "fields": {"action_time": "2022-04-28T14:40:53.317Z", "user": 1, "content_type": 16, "object_id": "15", "object_repr": "7A128AEFDD5645C4A876E579D42E29A0", "action_flag": 3, "change_message": ""}}, {"model": "admin.logentry", "pk": 143, "fields": {"action_time": "2022-04-28T14:40:53.319Z", "user": 1, "content_type": 16, "object_id": "14", "object_repr": "A77C5A4DE7E54A0C94447FAC1A396420", "action_flag": 3, "change_message": ""}}, {"model": "admin.logentry", "pk": 144, "fields": {"action_time": "2022-04-28T14:40:53.330Z", "user": 1, "content_type": 16, "object_id": "13", "object_repr": "068847F86EC5481DBCB467E59FD5EFB4", "action_flag": 3, "change_message": ""}}, {"model": "admin.logentry", "pk": 145, "fields": {"action_time": "2022-04-28T14:40:53.337Z", "user": 1, "content_type": 16, "object_id": "12", "object_repr": "219C8A1589C047129AE6825410353F7E", "action_flag": 3, "change_message": ""}}, {"model": "admin.logentry", "pk": 146, "fields": {"action_time": "2022-04-28T14:40:53.339Z", "user": 1, "content_type": 16, "object_id": "11", "object_repr": "C998C43E4AC1449894FC5516D7F40939", "action_flag": 3, "change_message": ""}}, {"model": "admin.logentry", "pk": 147, "fields": {"action_time": "2022-04-28T14:40:53.340Z", "user": 1, "content_type": 16, "object_id": "10", "object_repr": "F9D9154CE31940D49D29C744BEE790F7", "action_flag": 3, "change_message": ""}}, {"model": "admin.logentry", "pk": 148, "fields": {"action_time": "2022-04-28T14:40:53.345Z", "user": 1, "content_type": 16, "object_id": "9", "object_repr": "4BC5BDADCA574D38ACB84766159EB754", "action_flag": 3, "change_message": ""}}, {"model": "admin.logentry", "pk": 149, "fields": {"action_time": "2022-04-28T14:40:53.351Z", "user": 1, "content_type": 16, "object_id": "8", "object_repr": "BB8DA0C055EC46F3AC550961AB86E200", "action_flag": 3, "change_message": ""}}, {"model": "admin.logentry", "pk": 150, "fields": {"action_time": "2022-04-28T14:40:53.354Z", "user": 1, "content_type": 16, "object_id": "7", "object_repr": "B058FDAD32E8472BB87314D7BF21AB3C", "action_flag": 3, "change_message": ""}}, {"model": "admin.logentry", "pk": 151, "fields": {"action_time": "2022-04-28T14:40:53.358Z", "user": 1, "content_type": 16, "object_id": "6", "object_repr": "301F55CC10644792B740215DFF3AAD7A", "action_flag": 3, "change_message": ""}}, {"model": "admin.logentry", "pk": 152, "fields": {"action_time": "2022-04-28T14:40:53.360Z", "user": 1, "content_type": 16, "object_id": "5", "object_repr": "293A9681191B450A9FBD8A116AC4D0A0", "action_flag": 3, "change_message": ""}}, {"model": "admin.logentry", "pk": 153, "fields": {"action_time": "2022-04-28T14:40:53.361Z", "user": 1, "content_type": 16, "object_id": "4", "object_repr": "31A19EB6722E4D468AA8434FC5A2B55B", "action_flag": 3, "change_message": ""}}, {"model": "admin.logentry", "pk": 154, "fields": {"action_time": "2022-04-28T14:40:53.362Z", "user": 1, "content_type": 16, "object_id": "3", "object_repr": "297A67031E1C4FB5B6DC2561B7620EAE", "action_flag": 3, "change_message": ""}}, {"model": "admin.logentry", "pk": 155, "fields": {"action_time": "2022-04-28T14:40:53.368Z", "user": 1, "content_type": 16, "object_id": "2", "object_repr": "41F054EBA86443E693E230D9F54375EF", "action_flag": 3, "change_message": ""}}, {"model": "admin.logentry", "pk": 156, "fields": {"action_time": "2022-04-28T14:40:53.376Z", "user": 1, "content_type": 16, "object_id": "1", "object_repr": "A62A05B126534E9EB3144C73FB7C23B4", "action_flag": 3, "change_message": ""}}, {"model": "admin.logentry", "pk": 157, "fields": {"action_time": "2022-04-30T12:03:27.725Z", "user": 1, "content_type": 8, "object_id": "1", "object_repr": "sebastian.tirsen@gmail.com", "action_flag": 2, "change_message": "[]"}}, {"model": "auth.permission", "pk": 1, "fields": {"name": "Can add log entry", "content_type": 1, "codename": "add_logentry"}}, {"model": "auth.permission", "pk": 2, "fields": {"name": "Can change log entry", "content_type": 1, "codename": "change_logentry"}}, {"model": "auth.permission", "pk": 3, "fields": {"name": "Can delete log entry", "content_type": 1, "codename": "delete_logentry"}}, {"model": "auth.permission", "pk": 4, "fields": {"name": "Can view log entry", "content_type": 1, "codename": "view_logentry"}}, {"model": "auth.permission", "pk": 5, "fields": {"name": "Can add permission", "content_type": 2, "codename": "add_permission"}}, {"model": "auth.permission", "pk": 6, "fields": {"name": "Can change permission", "content_type": 2, "codename": "change_permission"}}, {"model": "auth.permission", "pk": 7, "fields": {"name": "Can delete permission", "content_type": 2, "codename": "delete_permission"}}, {"model": "auth.permission", "pk": 8, "fields": {"name": "Can view permission", "content_type": 2, "codename": "view_permission"}}, {"model": "auth.permission", "pk": 9, "fields": {"name": "Can add group", "content_type": 3, "codename": "add_group"}}, {"model": "auth.permission", "pk": 10, "fields": {"name": "Can change group", "content_type": 3, "codename": "change_group"}}, {"model": "auth.permission", "pk": 11, "fields": {"name": "Can delete group", "content_type": 3, "codename": "delete_group"}}, {"model": "auth.permission", "pk": 12, "fields": {"name": "Can view group", "content_type": 3, "codename": "view_group"}}, {"model": "auth.permission", "pk": 13, "fields": {"name": "Can add user", "content_type": 4, "codename": "add_user"}}, {"model": "auth.permission", "pk": 14, "fields": {"name": "Can change user", "content_type": 4, "codename": "change_user"}}, {"model": "auth.permission", "pk": 15, "fields": {"name": "Can delete user", "content_type": 4, "codename": "delete_user"}}, {"model": "auth.permission", "pk": 16, "fields": {"name": "Can view user", "content_type": 4, "codename": "view_user"}}, {"model": "auth.permission", "pk": 17, "fields": {"name": "Can add content type", "content_type": 5, "codename": "add_contenttype"}}, {"model": "auth.permission", "pk": 18, "fields": {"name": "Can change content type", "content_type": 5, "codename": "change_contenttype"}}, {"model": "auth.permission", "pk": 19, "fields": {"name": "Can delete content type", "content_type": 5, "codename": "delete_contenttype"}}, {"model": "auth.permission", "pk": 20, "fields": {"name": "Can view content type", "content_type": 5, "codename": "view_contenttype"}}, {"model": "auth.permission", "pk": 21, "fields": {"name": "Can add session", "content_type": 6, "codename": "add_session"}}, {"model": "auth.permission", "pk": 22, "fields": {"name": "Can change session", "content_type": 6, "codename": "change_session"}}, {"model": "auth.permission", "pk": 23, "fields": {"name": "Can delete session", "content_type": 6, "codename": "delete_session"}}, {"model": "auth.permission", "pk": 24, "fields": {"name": "Can view session", "content_type": 6, "codename": "view_session"}}, {"model": "auth.permission", "pk": 25, "fields": {"name": "Can add site", "content_type": 7, "codename": "add_site"}}, {"model": "auth.permission", "pk": 26, "fields": {"name": "Can change site", "content_type": 7, "codename": "change_site"}}, {"model": "auth.permission", "pk": 27, "fields": {"name": "Can delete site", "content_type": 7, "codename": "delete_site"}}, {"model": "auth.permission", "pk": 28, "fields": {"name": "Can view site", "content_type": 7, "codename": "view_site"}}, {"model": "auth.permission", "pk": 29, "fields": {"name": "Can add email address", "content_type": 8, "codename": "add_emailaddress"}}, {"model": "auth.permission", "pk": 30, "fields": {"name": "Can change email address", "content_type": 8, "codename": "change_emailaddress"}}, {"model": "auth.permission", "pk": 31, "fields": {"name": "Can delete email address", "content_type": 8, "codename": "delete_emailaddress"}}, {"model": "auth.permission", "pk": 32, "fields": {"name": "Can view email address", "content_type": 8, "codename": "view_emailaddress"}}, {"model": "auth.permission", "pk": 33, "fields": {"name": "Can add email confirmation", "content_type": 9, "codename": "add_emailconfirmation"}}, {"model": "auth.permission", "pk": 34, "fields": {"name": "Can change email confirmation", "content_type": 9, "codename": "change_emailconfirmation"}}, {"model": "auth.permission", "pk": 35, "fields": {"name": "Can delete email confirmation", "content_type": 9, "codename": "delete_emailconfirmation"}}, {"model": "auth.permission", "pk": 36, "fields": {"name": "Can view email confirmation", "content_type": 9, "codename": "view_emailconfirmation"}}, {"model": "auth.permission", "pk": 37, "fields": {"name": "Can add social account", "content_type": 10, "codename": "add_socialaccount"}}, {"model": "auth.permission", "pk": 38, "fields": {"name": "Can change social account", "content_type": 10, "codename": "change_socialaccount"}}, {"model": "auth.permission", "pk": 39, "fields": {"name": "Can delete social account", "content_type": 10, "codename": "delete_socialaccount"}}, {"model": "auth.permission", "pk": 40, "fields": {"name": "Can view social account", "content_type": 10, "codename": "view_socialaccount"}}, {"model": "auth.permission", "pk": 41, "fields": {"name": "Can add social application", "content_type": 11, "codename": "add_socialapp"}}, {"model": "auth.permission", "pk": 42, "fields": {"name": "Can change social application", "content_type": 11, "codename": "change_socialapp"}}, {"model": "auth.permission", "pk": 43, "fields": {"name": "Can delete social application", "content_type": 11, "codename": "delete_socialapp"}}, {"model": "auth.permission", "pk": 44, "fields": {"name": "Can view social application", "content_type": 11, "codename": "view_socialapp"}}, {"model": "auth.permission", "pk": 45, "fields": {"name": "Can add social application token", "content_type": 12, "codename": "add_socialtoken"}}, {"model": "auth.permission", "pk": 46, "fields": {"name": "Can change social application token", "content_type": 12, "codename": "change_socialtoken"}}, {"model": "auth.permission", "pk": 47, "fields": {"name": "Can delete social application token", "content_type": 12, "codename": "delete_socialtoken"}}, {"model": "auth.permission", "pk": 48, "fields": {"name": "Can view social application token", "content_type": 12, "codename": "view_socialtoken"}}, {"model": "auth.permission", "pk": 49, "fields": {"name": "Can add category", "content_type": 13, "codename": "add_category"}}, {"model": "auth.permission", "pk": 50, "fields": {"name": "Can change category", "content_type": 13, "codename": "change_category"}}, {"model": "auth.permission", "pk": 51, "fields": {"name": "Can delete category", "content_type": 13, "codename": "delete_category"}}, {"model": "auth.permission", "pk": 52, "fields": {"name": "Can view category", "content_type": 13, "codename": "view_category"}}, {"model": "auth.permission", "pk": 53, "fields": {"name": "Can add furniture", "content_type": 14, "codename": "add_furniture"}}, {"model": "auth.permission", "pk": 54, "fields": {"name": "Can change furniture", "content_type": 14, "codename": "change_furniture"}}, {"model": "auth.permission", "pk": 55, "fields": {"name": "Can delete furniture", "content_type": 14, "codename": "delete_furniture"}}, {"model": "auth.permission", "pk": 56, "fields": {"name": "Can view furniture", "content_type": 14, "codename": "view_furniture"}}, {"model": "auth.permission", "pk": 57, "fields": {"name": "Can add support", "content_type": 15, "codename": "add_support"}}, {"model": "auth.permission", "pk": 58, "fields": {"name": "Can change support", "content_type": 15, "codename": "change_support"}}, {"model": "auth.permission", "pk": 59, "fields": {"name": "Can delete support", "content_type": 15, "codename": "delete_support"}}, {"model": "auth.permission", "pk": 60, "fields": {"name": "Can view support", "content_type": 15, "codename": "view_support"}}, {"model": "auth.permission", "pk": 61, "fields": {"name": "Can add order", "content_type": 16, "codename": "add_order"}}, {"model": "auth.permission", "pk": 62, "fields": {"name": "Can change order", "content_type": 16, "codename": "change_order"}}, {"model": "auth.permission", "pk": 63, "fields": {"name": "Can delete order", "content_type": 16, "codename": "delete_order"}}, {"model": "auth.permission", "pk": 64, "fields": {"name": "Can view order", "content_type": 16, "codename": "view_order"}}, {"model": "auth.permission", "pk": 65, "fields": {"name": "Can add order line item", "content_type": 17, "codename": "add_orderlineitem"}}, {"model": "auth.permission", "pk": 66, "fields": {"name": "Can change order line item", "content_type": 17, "codename": "change_orderlineitem"}}, {"model": "auth.permission", "pk": 67, "fields": {"name": "Can delete order line item", "content_type": 17, "codename": "delete_orderlineitem"}}, {"model": "auth.permission", "pk": 68, "fields": {"name": "Can view order line item", "content_type": 17, "codename": "view_orderlineitem"}}, {"model": "auth.permission", "pk": 69, "fields": {"name": "Can add rating", "content_type": 18, "codename": "add_rating"}}, {"model": "auth.permission", "pk": 70, "fields": {"name": "Can change rating", "content_type": 18, "codename": "change_rating"}}, {"model": "auth.permission", "pk": 71, "fields": {"name": "Can delete rating", "content_type": 18, "codename": "delete_rating"}}, {"model": "auth.permission", "pk": 72, "fields": {"name": "Can view rating", "content_type": 18, "codename": "view_rating"}}, {"model": "auth.permission", "pk": 73, "fields": {"name": "Can add user profile", "content_type": 19, "codename": "add_userprofile"}}, {"model": "auth.permission", "pk": 74, "fields": {"name": "Can change user profile", "content_type": 19, "codename": "change_userprofile"}}, {"model": "auth.permission", "pk": 75, "fields": {"name": "Can delete user profile", "content_type": 19, "codename": "delete_userprofile"}}, {"model": "auth.permission", "pk": 76, "fields": {"name": "Can view user profile", "content_type": 19, "codename": "view_userprofile"}}, {"model": "auth.user", "pk": 1, "fields": {"password": "pbkdf2_sha256$260000$Vj2xe0MptkSM1cZJYmRqXr$1nCONhcOryG+H0m0loyBw+SphfvDL/qY4+icHRPKewg=", "last_login": "2022-04-30T12:14:17.307Z", "is_superuser": true, "username": "Sebbe", "first_name": "", "last_name": "", "email": "sebastian.tirsen@gmail.com", "is_staff": true, "is_active": true, "date_joined": "2022-04-12T06:18:49.288Z", "groups": [], "user_permissions": []}}, {"model": "auth.user", "pk": 2, "fields": {"password": "pbkdf2_sha256$260000$foHYVpgLOIY5ndpLVIqFrx$pFq5QpzbRnYDmv+wkMazHHic2CZntjt9xlGmqcvwu5o=", "last_login": null, "is_superuser": false, "username": "Kallekula", "first_name": "", "last_name": "", "email": "test@test.com", "is_staff": false, "is_active": true, "date_joined": "2022-04-24T19:37:26.161Z", "groups": [], "user_permissions": []}}, {"model": "auth.user", "pk": 5, "fields": {"password": "pbkdf2_sha256$260000$hBftU3QtwYNeFcSFANfiAZ$/1i/Ac2908UBseVVP5DKhtp3XJ+FPQZup6OFIVP6UJ8=", "last_login": "2022-04-27T16:40:00.959Z", "is_superuser": false, "username": "Gabbe", "first_name": "", "last_name": "", "email": "risobox193@idurse.com", "is_staff": false, "is_active": true, "date_joined": "2022-04-27T16:38:58.304Z", "groups": [], "user_permissions": []}}, {"model": "contenttypes.contenttype", "pk": 1, "fields": {"app_label": "admin", "model": "logentry"}}, {"model": "contenttypes.contenttype", "pk": 2, "fields": {"app_label": "auth", "model": "permission"}}, {"model": "contenttypes.contenttype", "pk": 3, "fields": {"app_label": "auth", "model": "group"}}, {"model": "contenttypes.contenttype", "pk": 4, "fields": {"app_label": "auth", "model": "user"}}, {"model": "contenttypes.contenttype", "pk": 5, "fields": {"app_label": "contenttypes", "model": "contenttype"}}, {"model": "contenttypes.contenttype", "pk": 6, "fields": {"app_label": "sessions", "model": "session"}}, {"model": "contenttypes.contenttype", "pk": 7, "fields": {"app_label": "sites", "model": "site"}}, {"model": "contenttypes.contenttype", "pk": 8, "fields": {"app_label": "account", "model": "emailaddress"}}, {"model": "contenttypes.contenttype", "pk": 9, "fields": {"app_label": "account", "model": "emailconfirmation"}}, {"model": "contenttypes.contenttype", "pk": 10, "fields": {"app_label": "socialaccount", "model": "socialaccount"}}, {"model": "contenttypes.contenttype", "pk": 11, "fields": {"app_label": "socialaccount", "model": "socialapp"}}, {"model": "contenttypes.contenttype", "pk": 12, "fields": {"app_label": "socialaccount", "model": "socialtoken"}}, {"model": "contenttypes.contenttype", "pk": 13, "fields": {"app_label": "furnitures", "model": "category"}}, {"model": "contenttypes.contenttype", "pk": 14, "fields": {"app_label": "furnitures", "model": "furniture"}}, {"model": "contenttypes.contenttype", "pk": 15, "fields": {"app_label": "furnitures", "model": "support"}}, {"model": "contenttypes.contenttype", "pk": 16, "fields": {"app_label": "checkout", "model": "order"}}, {"model": "contenttypes.contenttype", "pk": 17, "fields": {"app_label": "checkout", "model": "orderlineitem"}}, {"model": "contenttypes.contenttype", "pk": 18, "fields": {"app_label": "ratings", "model": "rating"}}, {"model": "contenttypes.contenttype", "pk": 19, "fields": {"app_label": "profiles", "model": "userprofile"}}, {"model": "sessions.session", "pk": "3y094unq1w8sa6fdk159b7177w6ny788", "fields": {"session_data": ".eJxVjMsOwiAUBf-FtSEtb7p07zcQLlwsasCUNtEY_11JutDtmTnzIs5v6-y2hovLkUxkJIffDXy4YukgXnw5VxpqWZcMtCt0p42easTbcXf_ArNv8_fNFQervFGYrGAsIAwpMROllYPRgKil4VYAMGZHrUCjsUawpJPnqFTo0Yat5VocPu55eZJpeH8AfCY-3w:1neANu:Wr-n4zKwcuOK5dXxYXrER2z8FIRE1BG39XX6YaqMilI", "expire_date": "2022-04-26T06:52:18.383Z"}}, {"model": "sessions.session", "pk": "4mcanka9gpz4jqpu85pov72qk0nck0f9", "fields": {"session_data": ".eJxVjM0KgzAQhN9lzxI0an489t5nCNlkU9NKUoxCi_juVeihvQzDfDOzgbHrMpq10GyihwEaqH4ztO5B6QT-btMtM5fTMkdkZ4V9aWHX7Gm6fLt_B6Mt47FuRYtaWCUo6I5zR1iHwJXvdV8riUSyV63uEDnXjRQoSWnV8SCDbUkId54WKiXmZOj1jPMbhroCn6fpcBsoGJoK9KH7_gElIUSg:1njD3E:sMsBdD5O6FZ3BUqcDhf2IClPFdYRi0-3LMyDE4IU2GI", "expire_date": "2022-05-10T04:43:48.961Z"}}, {"model": "sessions.session", "pk": "5pwf008f29p88ir10j1g7ifs77wc050o", "fields": {"session_data": ".eJxVjMsOwiAUBf-FdUNaoDy6dO83EC5cLGrAQGs0xn_XJl3o9syceRHr1mW2a8NqUyATGUj3u4HzF8wbCGeXT4X6kpeagG4K3WmjxxLwetjdv8Ds2vx9c8nBSKclRiMY8wh9jEyH0Yy9VoCoRs2NAGDMDEqCQm20YFFFx1FKv0UbtpZKtvi4pfokU9-R5u5oU46FTEtd8f0B24JFAw:1nkWZx:o74fnZK1gCaWMZOBzhHe9HFm3GxDjVLikckcsVPhBLQ", "expire_date": "2022-05-13T19:47:01.197Z"}}, {"model": "sessions.session", "pk": "5yfifxow1qsg9rh23w3vijsxy6vtoqg1", "fields": {"session_data": "eyJkb2xseSI6eyIxMSI6MX19:1njPLx:z16rRLqv2TZyVnKU3CQMauxmTw_RKlhHYjIHvqcyT1c", "expire_date": "2022-05-10T17:51:57.422Z"}}, {"model": "sessions.session", "pk": "6wafgugzwyp6fvqq8jt2ft0olisatb9c", "fields": {"session_data": "eyJzYXZlX2luZm8iOmZhbHNlfQ:1nk4AK:zMX5cJHKPhzXw16ei_nxyZHMA_YuQUp7irOHrOBNoFA", "expire_date": "2022-05-12T13:26:40.747Z"}}, {"model": "sessions.session", "pk": "78l5u5p4kz34sesdqpx2l8cglkdosyst", "fields": {"session_data": ".eJxVjMsKgzAURP_lriWYRPNw2X2_IeRxU9NKUoxCi_jvVeii3QzDnJnZwNh1Gc1acTYpwAAUmt_MWf_AfIJwt_lWiC95mZMjZ4V8aSXXEnC6fLt_B6Ot47HmgjstrBIYdceYR9fGyFTodd8q6RBlr7junGNMUymcRKVVx6KMlqMQ_jytWGsq2eDrmeY3DG0DoUzT4TagAgbagDp03z9pTUTO:1njOSb:BDx24-q3IV8gMlsg3QAt-7rRW0wm1cj9nUWH5K6iCFU", "expire_date": "2022-05-10T16:54:45.749Z"}}, {"model": "sessions.session", "pk": "8tiq8n2kdf4zp9dee26jfgsp9k9sxq7k", "fields": {"session_data": ".eJxVjMsKgzAURP_lriUkUfNw2X2_IeRxU9NKUoxCi_jvVeiiXc0wZ2Y2MHZdRrNWnE0KMACD5jdz1j8wnyDcbb4V4kte5uTIWSFfWsm1BJwu3-7fwWjreKxb0TotrBIYdce5R0dj5Cr0uqdKOkTZq1Z3znGumRROotKq41FG26IQ_jytWGsq2eDrmeY3DLSBUKbpcBsoGFgDjB6y7x9pIkTI:1njOFk:dR1RtVoQFsjMCa4ODQPA7D1IG6h3khLcR9FVmi2XPtA", "expire_date": "2022-05-10T16:41:28.868Z"}}, {"model": "sessions.session", "pk": "8vj9gff6r10ek32t40st972eokk4mvqq", "fields": {"session_data": "e30:1njkWR:pX4TfCJVqvF4ngFLRyocvvYTYWdmcTjYaCZi7OTf7mg", "expire_date": "2022-05-11T16:28:11.601Z"}}, {"model": "sessions.session", "pk": "bcschrker6r1gh8fjuqhn9sxn0nb5mpi", "fields": {"session_data": ".eJxVjDsOgzAQRO-yNbLABnuXMn3OgLz2OiRBWOJTRIi7ByQaminmvZkNYh6GH7QbILRVAXTkXkDn16Xv1lmm7h2hhQpuHfvwlfEE8ePHV1Yhj8v0ZnUq6qKzeuYow-Nybwe9n_tjbaxhsh6tJKq1DsJlShpjQ02JjkVcg4ZqZq2pcpadIGGtk0veiLUB9j_-oz1j:1njOQi:V2uM05LDaNqw2axbd1qKTrcNRibjWzV5j5w325J6J9k", "expire_date": "2022-05-10T16:52:48.768Z"}}, {"model": "sessions.session", "pk": "bd17l1gun2d1qf2rmy600m8zxdy7tbqu", "fields": {"session_data": ".eJxVjMsKgzAURP_lriWYaJ7L7vsNIY-baisJGC0U8d-r4MbVwMyZs0F1X7RjTgXMMq_YgHXrMti14mzHCAYo3DrvwgfzOcS3y69CQsnLPHpyIuRaK3mWiNPjYm-CwdXheHei81o4JTDpnrGAvk2Jqcg1b5X0iJKrTvfeM6apFF6i0qpnSSbXoRDhkMYyTT8wG1AKhjZA-RH7_gdEK0Pe:1njO3G:mvX7_A9pby-KxAsqSz5k5lBRirWv9o76iU6S0ccJtBk", "expire_date": "2022-05-10T16:28:34.709Z"}}, {"model": "sessions.session", "pk": "bqrs23yz1yl3sisxmd4a1mktwesaboov", "fields": {"session_data": ".eJxVjMsOgjAUBf_lrgmhBfpg6d5vaPq4lSppTQtGQ_h3IWGh2zNzZgWll3lUS8GsgoMBCFS_m9H2gfEA7q7jLdU2xTkHUx9KfdJSX5PD6XK6f4FRl3F_t6w1kmnB0MuOUoum8Z4K18u-Edwg8l60sjOGUkk4MxyFFB313OsWGbNHtGApIUWF72fIHxiaCop-oQrRJxjmvGAFLk3TjlagBAaybV-anknb:1nk35u:I3fbPr2PIIn5UxZaIJVv8AaD6N22z45CrzMIrWC6vaE", "expire_date": "2022-05-12T12:18:02.710Z"}}, {"model": "sessions.session", "pk": "cdppmt87u8dkjrten0qt64hwgzdr3q33", "fields": {"session_data": ".eJxVjMsOgyAUBf_lro0RVF7L7vsNBORSaQ00oE0b479XExft9sycWUGbZR71UjDr4EABgep3s2Z4YDyAu5t4S_WQ4pyDrQ-lPmmpr8nhdDndv8Boyri_W9ZayYxg6GVH6YC28Z4K18u-Edwi8l60srOWUkk4sxyFFB313JsWGRuOaMFSQooa38-QP6CaCop5oQ7RJ1BzXrACl6ZpRyuQBhTZti-akUnZ:1njnKY:aHxWynuAz3w3MG5SWGNwMF4YskKQM32IOm4QQa1H96g", "expire_date": "2022-05-11T19:28:06.939Z"}}, {"model": "sessions.session", "pk": "ce9m9a00o8ooyiiucle7iuvi3jwtu126", "fields": {"session_data": ".eJxVjDsOgzAQRO-yNbLw2vhDmT5nQF57HZIgLPEpIsTdAxJFUo008-Zt0IV16bt15ql7JmhBQvXbUYhvHs8hvcL4KCKWcZmeJE5EXOss7iXxcLvYP0Ef5v54K6PIm-AMZ68RI1OdM7rU-KZ2lpht45TXRIheWkOWnXcas81BsTHxkKYyDB9oN8AaWlmB1Efs-xdcpT25:1nj2y3:pD32IgLqJkTZZHrnGGK9tseQoQCj5iYP_IQua7Kshks", "expire_date": "2022-05-09T17:57:47.814Z"}}, {"model": "sessions.session", "pk": "fzb1112l0residzijwfwp5y68zh3e9j4", "fields": {"session_data": "eyJzYXZlX2luZm8iOmZhbHNlfQ:1nj3iQ:jes2goLK3zKeN9u7RG-TA4fsWSBtV3mrBB4oZvHi4Kg", "expire_date": "2022-05-09T18:45:42.570Z"}}, {"model": "sessions.session", "pk": "jeslisbrgbushvmlaud6ksgq6ggl4021", "fields": {"session_data": ".eJxVjDsOwjAQBe_iGlmJv2tKes5g7dprHECOFCcV4u4QKQW0b2beS0Tc1hq3zkucsjiLUZx-N8L04LaDfMd2m2Wa27pMJHdFHrTL65z5eTncv4OKvX5r7TQFh-C4BKNUYhpKUZBtsAN4YvYWdDBESoXRO_IMAYwqvqBm55J4fwDZKDei:1nfOmY:hr-B945QuyUygDBlmbsWeUgd-m1DZAIB0vTvCtnhXwE", "expire_date": "2022-04-29T16:26:50.556Z"}}, {"model": "sessions.session", "pk": "ji9rgnskvzqhu716bvr3shwu63py8nxw", "fields": {"session_data": ".eJxVjMsOwiAUBf-FdUNaoDy6dO83EC5cLGrAQGs0xn_XJl3o9syceRHr1mW2a8NqUyATGUj3u4HzF8wbCGeXT4X6kpeagG4K3WmjxxLwetjdv8Ds2vx9c8nBSKclRiMY8wh9jEyH0Yy9VoCoRs2NAGDMDEqCQm20YFFFx1FKv0UbtpZKtvi4pfokU9-R5u5oU46FTEtd8f0B24JFAw:1njEva:io-BY5tyMm5i6mSRzDs3ExDcSXglI5RIJQ8xe9CXauo", "expire_date": "2022-05-10T06:44:02.672Z"}}, {"model": "sessions.session", "pk": "lpmxv7448o0a8uqbab6wboghhtv056sr", "fields": {"session_data": "eyJkb2xseSI6eyI4IjoxfX0:1nhbKy:mOEylVEZkx_pA3zqz2H-Ua4s4mNuivOK7M6-mNn_jGs", "expire_date": "2022-05-05T18:15:28.435Z"}}, {"model": "sessions.session", "pk": "m3nrlixbtgpcsvs616r0pwdasbce55lp", "fields": {"session_data": ".eJxVjMsOwiAUBf-FdUNaoDy6dO83EC5cLGrAQGs0xn_XJl3o9syceRHr1mW2a8NqUyATGUj3u4HzF8wbCGeXT4X6kpeagG4K3WmjxxLwetjdv8Ds2vx9c8nBSKclRiMY8wh9jEyH0Yy9VoCoRs2NAGDMDEqCQm20YFFFx1FKv0UbtpZKtvi4pfokU9-R5u5oU46FTEtd8f0B24JFAw:1njF1h:z1foirNrjN4STDmaHSq9PmzbRYuS7EH2ls9_4phRIR8", "expire_date": "2022-05-10T06:50:21.741Z"}}, {"model": "sessions.session", "pk": "mwyioeezimjlwtnyt417mpf62r89xox4", "fields": {"session_data": ".eJxVjM0KgzAQhN9lzxI0an489t5nCNlkU9NKUoxCi_juVeihvQzDfDOzgbHrMpq10GyihwEaqH4ztO5B6QT-btMtM5fTMkdkZ4V9aWHX7Gm6fLt_B6Mt47FuRYtaWCUo6I5zR1iHwJXvdV8riUSyV63uEDnXjRQoSWnV8SCDbUkId54WKiXmZOj1jPMbhroCn6fpcBsoGJoK9KH7_gElIUSg:1njD9g:H13M6iQHOBJ1aSNJQkx01WP4Ehwaj-3JwYir7zqdAXc", "expire_date": "2022-05-10T04:50:28.240Z"}}, {"model": "sessions.session", "pk": "nqtlxc5czzikj57f8p2vw3n8foc9qts0", "fields": {"session_data": ".eJxVjMsOgyAQRf9l1g1RUB4uu-83GAaGYksgEV00xn-vJi7a7T3nng1Guy5xXCvN4-RhgBZuvxta96Z8Av-y-VmYK3mZJ2Snwi5a2aN4SvfL_QtEW-PxFlKgkVZLCqbj3BE2IXDte9M3WiGR6rUwHSLnplUSFWmjOx5UsIKkdEfUl5Q-MGzQChjymtK-fwFuBj4F:1nhX7l:Mib0iO_Qwn-Lk2PdMJfC4I4jYdI94b2IyzyjaXQH9Wg", "expire_date": "2022-05-05T13:45:33.649Z"}}, {"model": "sessions.session", "pk": "nyfxm15kxgcmcixkc2qavegr2ag26sre", "fields": {"session_data": ".eJxVj8sKgzAURP_lrkswiebhsvt-Q8jjpqaVpBiFFvHfq-DG1cDMmYFZIZRx_EG_AuXQ0xtQsct2A2OXeTBLxcmkAD1QuHjO-jfmIwgvm5-F-JLnKTlyIORMK3mUgOP9ZC8Dg63D3uaCOy2sEhh1y5hH18TIVOh01yjpEGWnuG6dY0xTKZxEpVXLooyWoxD-GK1YayrZ4PeTpv1Ls_0BY8tE-g:1nj4Ej:57yBOhbmIj2_nw8PZbIFQtlYurgozbNsCKXOkZLOW-4", "expire_date": "2022-05-09T19:19:05.687Z"}}, {"model": "sessions.session", "pk": "obv1oshf2rp9yyl6cthh3vylmybo5oal", "fields": {"session_data": ".eJxVjMsKgzAURP_lriWYRPNadt9vCHncVNtgwGihiP9eBTeuBmbOnA2q-6Idp1TAJJcrNmDdugx2rTjbMYIBCrfOu_DB6Rzi202vQkKZlnn05ETItVbyLBHz42JvgsHV4Xhzwb0WTglMumMsoG9TYir2um-V9IiyV1x33jOmqRReotKqY0kmx1GIcEhjyfkHZgPKwdAGqDhi3_-DvEQs:1nj46p:R6S0d0tuX4wYkigYwkOIE1oUWtcxW-xnHM5Ff5gYUws", "expire_date": "2022-05-09T19:10:55.620Z"}}, {"model": "sessions.session", "pk": "osk900an26qx5rmqzebi0k5txpjfdo84", "fields": {"session_data": "eyJkb2xseSI6eyI4IjoxLCI5IjoxfX0:1njO5E:QuTmNXNzUYC8D_OfV7oUTOr8_B3f3e-wxfqNwhtP9BY", "expire_date": "2022-05-10T16:30:36.876Z"}}, {"model": "sessions.session", "pk": "poxhou8qynh9a3e618x2esc37doupytn", "fields": {"session_data": ".eJxVjMsKgzAURP_lriWYRPNw2X2_IeRxU9NKUoxCi_jvVeii3QzDnJnZwNh1Gc1acTYpwAAUmt_MWf_AfIJwt_lWiC95mZMjZ4V8aSXXEnC6fLt_B6Ot47HmgjstrBIYdceYR9fGyFTodd8q6RBlr7junGNMUymcRKVVx6KMlqMQ_jytWGsq2eDrmeY3DG0DoUzT4TagAgbagDp03z9pTUTO:1nj5xW:wO5FTUYlYai7hJx1kzdt9PLWn5K5VclufRDA7ibKvJQ", "expire_date": "2022-05-09T21:09:26.042Z"}}, {"model": "sessions.session", "pk": "sfewjv7bvdgqchtvqoa7jl3kuanabmm6", "fields": {"session_data": ".eJxVj8sOgyAURP-FdUMElIfL7vsNhAuXSmugEU3aGP-9mrhxO2fmJLOSUMbxR_qVMEF6tt2Idcs82KXiZFMgPWHkkoHzb8wHCC-Xn4X6kucpAT0q9KSVPkrA8X52L4LB1WFfCynASKclRtNy7hGaGLkOnekarQBRdVqYFoBzw5QEhdrolkcVnUAp_SGtWGsq2eL3k6b9RLP9AUywQ7g:1nj53n:Itl9IZ8MpEqYPpsMMJX1nL55f3qtYhedWJ8keUZZd5E", "expire_date": "2022-05-09T20:11:51.701Z"}}, {"model": "sessions.session", "pk": "sppj8ggf5v9bb4vd9hl2wrtenld9ls9b", "fields": {"session_data": "eyJkb2xseSI6eyI5IjoxfX0:1nhGa6:wJvO33gjYkKpbez-1pdBxpiFbcHR6CAYb-08EMSV2XA", "expire_date": "2022-05-04T20:05:42.084Z"}}, {"model": "sessions.session", "pk": "t8oi466giczzcl6ljz1frj74pxtpklbi", "fields": {"session_data": ".eJxVjEEOwiAQRe_C2hCm0pZ26d4zkIGZWtSAgTbRGO9uSbrQ7X_vv7ewuC6zXQtnG0iMAsThd3PobxwroCvGS5I-xSUHJ6sid1rkORHfT7v7F5ixzNt7Amj6nkzrWBECKaOhg9Z3ZjCADnpWg_bgFJEhYmpJbZbxehqwo-ZYo4VLCSlafj5CfolRfb6JHT9h:1nklzN:Ok0GQkJqf9au7sHFahOFSw2POT3bs4ChUwiYKl4Q3P8", "expire_date": "2022-05-14T12:14:17.369Z"}}, {"model": "sessions.session", "pk": "toe25nxu9oayol3cl9sr8kzmooc9z8eo", "fields": {"session_data": ".eJxVjEEOgyAQRe8y64YoKAwuu_cMhIGh2hpJRBeN8e6tiRu3_733d4h5mr7Q7ccDnN_WwW2FFzdG6KCG20Y-fHg-QXz7-ZVFyPO6jCRORVy0iD5Hnp6XezsYfBn-tdKKrPaoOdlGysBUpSQxtrat0BCzaVHZhkhKWxtNhtFiI5NJXrHWAY4fdr07aA:1ni01i:gnNa5IqGjNBvii0Fzbw28CEFJSC0racDYpGZMEGZOGo", "expire_date": "2022-05-06T20:37:14.003Z"}}, {"model": "sessions.session", "pk": "wqgofrejvi98tsbeno5emftc8l9dllbx", "fields": {"session_data": ".eJxVjDsOgzAQRO-yNbJgDbaXMn3OgLz2OiRBWOJTRIi7BySKpJli5s3boPPr0nfrLFP3jNBCBcVvxz68ZTyH-PLjI6uQx2V6sjoRda2zuucow-1i_wS9n_vjrY1mMt4ZSVQjBuEyJXSxoaZ0lkVs4zTVzIhUWcNWHLkak01eizHhkMY8DB9oN8AS2qoAOnLfvx-fPY0:1nj3me:g5US9qd8uEoTXD7-yzRHpftGdlvlJuMFv2eAYAguvsg", "expire_date": "2022-05-09T18:50:04.831Z"}}, {"model": "sessions.session", "pk": "yd4tn8iuzisarytan3ion7kdoxi7vtqo", "fields": {"session_data": ".eJxVjMsOgyAURP_lrokRVB4uu-83EJBLpTXQgDZtjP9eTVy0m1nMOTMraLPMo14KZh0c9ECB_HbWDA-MB3B3E2-pGlKcc7DVoVQnLdU1OZwup_t3MJoy7uuGN1ZxIzl61TI2oK29Z9J1qqulsIiik41qrWVMUcGtQKlky7zwpkHOh-O0YCkhRY3vZ8gf6GsCxbxQh-gT9HNekIBL07SjFWgNPSUg99y2L1WsSuw:1nj5rU:STbcr4NRlRTLgdqN8uFypRqV9kktaLw30DfC5m64yc8", "expire_date": "2022-05-09T21:03:12.127Z"}}, {"model": "sites.site", "pk": 1, "fields": {"domain": "example.com", "name": "example.com"}}, {"model": "account.emailaddress", "pk": 1, "fields": {"user": 1, "email": "sebastian.tirsen@gmail.com", "verified": true, "primary": true}}, {"model": "account.emailaddress", "pk": 2, "fields": {"user": 2, "email": "test@test.com", "verified": false, "primary": true}}, {"model": "account.emailaddress", "pk": 5, "fields": {"user": 5, "email": "risobox193@idurse.com", "verified": true, "primary": true}}, {"model": "furnitures.category", "pk": 1, "fields": {"name": "new_arrivals", "friendly_name": "New Arrivals"}}, {"model": "furnitures.category", "pk": 2, "fields": {"name": "Deals", "friendly_name": "Deals"}}, {"model": "furnitures.category", "pk": 3, "fields": {"name": "Tables", "friendly_name": "Tables"}}, {"model": "furnitures.category", "pk": 4, "fields": {"name": "Chairs", "friendly_name": "Chairs"}}, {"model": "furnitures.category", "pk": 5, "fields": {"name": "Storage", "friendly_name": "Storage"}}, {"model": "furnitures.category", "pk": 6, "fields": {"name": "Shelves", "friendly_name": "Shelves"}}, {"model": "furnitures.category", "pk": 7, "fields": {"name": "ceiling_wall_lights", "friendly_name": "Ceiling & Wall Lights"}}, {"model": "furnitures.category", "pk": 8, "fields": {"name": "desk_lamps", "friendly_name": "Desk Lamps"}}, {"model": "furnitures.category", "pk": 9, "fields": {"name": "floor_lamps", "friendly_name": "Floor Lamps"}}, {"model": "furnitures.category", "pk": 10, "fields": {"name": "Clearance", "friendly_name": "Clearance"}}, {"model": "furnitures.furniture", "pk": 8, "fields": {"category": 4, "brand": "Carl Hansen & Son", "name": "CH24 Y-CHAIR", "description": "The CH 24 Y chair was designed by Hans J. Wegner in 1949 and has been manufactured without interruption since 1950. Also called the Wishbone chair, it is a true icon among chairs and hotly sought after by collectors around the world. The comfortable shape provides a high level of comfort and good mobility.", "price": "3000.00", "dimensions": "55*52*75", "material": "Soaped Beech", "production": "2018", "condition": "Good", "image_url": null, "image": "y-chair_E0QIsXs.jpeg"}}, {"model": "furnitures.furniture", "pk": 9, "fields": {"category": 4, "brand": "Swedese", "name": "LAMINO ARMCHAIR", "description": "This Lamino is a beautiful, comfortable armchair with light, Scandinavian shapes. It was named Swedish furniture of the century in 1999 and is Nordic Ecolabelled. The armchair is made of layer-glued and molded veneer in various wooden alternatives with sheepskin, leather or fabric upholstery. Eco-labeled with the Swan.", "price": "15000.00", "dimensions": "70*78*101", "material": "oak, leather", "production": "2019", "condition": "Like New", "image_url": null, "image": "lamino-swedese_Tqd8wUg.jpeg"}}, {"model": "furnitures.furniture", "pk": 10, "fields": {"category": 3, "brand": "Carl Hansen & Son", "name": "CH327", "description": "Dining table CH327 was designed for Carl Hansen & Son by Hans J. Wegner in 1962. CH327 is the ultimate dining table in solid wood, but also works well as a desk or conference table.", "price": "25000.00", "dimensions": "248*95*72", "material": "Solid oak", "production": "2015", "condition": "Worn", "image_url": null, "image": "dining-table_HjvHJPY.jpeg"}}, {"model": "furnitures.furniture", "pk": 11, "fields": {"category": 3, "brand": "Fritz Hansen", "name": "PK61", "description": "In 1956, the PK61 coffee table was designed, with which Poul Kjærholm shows a clear development from industrial designer to furniture architect. The four parts of the base are assembled by machine screws and give the coffee table an industrial and sophisticated appearance. The removable table top is held in place with the help of gravity - a style feature that is significant to Kjærholm.", "price": "27000.00", "dimensions": "80*80*32", "material": "steel, glass", "production": "2008", "condition": "Good", "image_url": null, "image": "fritz_hansen-pk61_FUzvqfY.jpeg"}}, {"model": "furnitures.furniture", "pk": 12, "fields": {"category": 3, "brand": "Asplund", "name": "Nati tati", "description": "The bedside table Nati Tati, designed by Mats Broberg and Johan Ridderstråle for Asplund, fits most bed styles. The design language in the series combines soft and strict shapes with unexpected materials and colors.", "price": "5000.00", "dimensions": "45*40*55", "material": "White marble, metal frame", "production": "2017", "condition": "Like New", "image_url": null, "image": "bedside-table_6XYi2lO.jpeg"}}, {"model": "furnitures.furniture", "pk": 13, "fields": {"category": 5, "brand": "A2", "name": "COLLECT 2013 CABINET", "description": "Here we present Collect 2013, a nice cabinet with doors made of round rods in two versions, one colorful and one white.", "price": "8000.00", "dimensions": "64*30*119", "material": "Lacquered MDF", "production": "2015", "condition": "Like New", "image_url": null, "image": "a2-collect_2013_HbcoZFA.jpeg"}}, {"model": "furnitures.furniture", "pk": 14, "fields": {"category": 6, "brand": "Voice", "name": "LEVIER UNIT 2/5 SHELF WALL", "description": "Levier wall shelf is designed by Cate & Nelson for Voice. The elegant and simple design makes it fit in most rooms. Levier wall shelf is made of ash with shelves of ash veneer in two colors, natural lacquer and black-blue lacquer.", "price": "12000.00", "dimensions": "166*33*198", "material": "Ash, ash veneer", "production": "2020", "condition": "Like New", "image_url": null, "image": "wall-shelf_modIf2I.png"}}, {"model": "furnitures.furniture", "pk": 15, "fields": {"category": 5, "brand": "Swedese", "name": "TREE COAT RACK WALL HIGH", "description": "Tree is a nice and practical coat hanger that fits in most rooms.", "price": "2000.00", "dimensions": "89*13*194", "material": "Laquered MDF", "production": "2021", "condition": "Worn", "image_url": null, "image": "coat-rack_CsQwlCW.jpeg"}}, {"model": "furnitures.furniture", "pk": 16, "fields": {"category": 7, "brand": "Louis Poulsen", "name": "Snowball pendant", "description": "PH Snowball by Poul Henningsen provides a soft and pleasant light. PH Snowball is an excellent example of what Louis Poulsen strives for: to create lamps that the eye never tires of looking at.", "price": "10000.00", "dimensions": "40*39*40", "material": "laquered metal", "production": "2012", "condition": "Good", "image_url": null, "image": "louis_poulsen-snowball_leyKEIV.jpeg"}}, {"model": "furnitures.furniture", "pk": 18, "fields": {"category": 8, "brand": "flos", "name": "Snoopy", "description": "Snoopy table lamp from Flos, designed by Achille Castiglioni and Pier Giacomo Castiglioni in 1967. Snoopy has a white marble lamp base and a screen in lacquered black metal.", "price": "5000.00", "dimensions": "39*39*37", "material": "White marble, black metal", "production": "2018", "condition": "Worn", "image_url": null, "image": "snoopy_tLUOSLy.png"}}, {"model": "furnitures.furniture", "pk": 19, "fields": {"category": 9, "brand": "Louis Poulsen", "name": "Panthella Floor lamp", "description": "Verner Panton's floor lamp Panthella has achieved almost cult-like status. The organic and well-balanced shape makes the lamp a sculpture in itself.", "price": "4000.00", "dimensions": "50*50*131", "material": "White opal acrylic", "production": "2007", "condition": "Good", "image_url": null, "image": "Panthella_x4UbPfZ.jpeg"}}, {"model": "furnitures.furniture", "pk": 20, "fields": {"category": 7, "brand": "flos", "name": "TARAXACUM 88 C/W", "description": "Taraxacum 88 C / W is a wall lamp designed in 1988 by Achille Castiglioni for Flos. With 15 light bulbs attached to a frame of equilateral triangles, Taraxacum 88 C / W is an awesome wall lamp and a work of art in itself.", "price": "8000.00", "dimensions": "61*61*31", "material": "Aluminium, steel", "production": "2011", "condition": "Worn", "image_url": null, "image": "taraxacum_TbC95So.jpeg"}}, {"model": "furnitures.furniture", "pk": 21, "fields": {"category": 9, "brand": "Gant", "name": "Ruby Tomato", "description": "MMMMMMMM", "price": "478.00", "dimensions": "10*10*10", "material": "Wood", "production": "2030", "condition": "Worn", "image_url": null, "image": "chernobyl.jpeg"}}, {"model": "furnitures.furniture", "pk": 22, "fields": {"category": 1, "brand": "Liten Lampa", "name": "Northern Lights", "description": "Snygg", "price": "5000.00", "dimensions": "10*10*10", "material": "Wood", "production": "2030", "condition": null, "image_url": null, "image": ""}}, {"model": "furnitures.furniture", "pk": 23, "fields": {"category": 2, "brand": "Mooi", "name": "Elk lamp", "description": "Really worn and old wall light.", "price": "600.00", "dimensions": "10*10*10", "material": "plastic", "production": "2000", "condition": "Worn", "image_url": null, "image": ""}}, {"model": "furnitures.support", "pk": 1, "fields": {"name": "Sebbeluba", "description": "Testing this template"}}, {"model": "furnitures.support", "pk": 2, "fields": {"name": "Daisy McGirr", "description": "ssdasdasd"}}, {"model": "checkout.order", "pk": 27, "fields": {"order_number": "D154B4F3267049FCA8BD66445CD11B40", "user_profile": 1, "full_name": "SAbian", "email": "sebastian.tirsen@gmail.com", "phone_number": "0702880259", "country": "SE", "postcode": "35242", "town_or_city": "Mars", "street_address1": "Ringtrastvägen 33", "street_address2": null, "county": null, "date": "2022-04-28T15:22:29.788Z", "delivery_cost": "0.00", "order_total": "15000.00", "grand_total": "15000.00", "original_dolly": "{\"9\": 1}", "stripe_pid": "pi_3KtZALKF0UWuS8TO1HbM6FIt"}}, {"model": "checkout.order", "pk": 28, "fields": {"order_number": "DF894C17E88944299C3425C0ECCF98D1", "user_profile": 1, "full_name": "Serrrrrrre", "email": "sebastian.tirsen@gmail.com", "phone_number": "0702880259", "country": "SE", "postcode": "35242", "town_or_city": "Mars", "street_address1": "Ringtrastvägen 33", "street_address2": null, "county": null, "date": "2022-04-29T19:47:01.015Z", "delivery_cost": "0.00", "order_total": "10000.00", "grand_total": "10000.00", "original_dolly": "{\"22\": 1, \"18\": 1}", "stripe_pid": "pi_3KtzlzKF0UWuS8TO0d0Pes1Z"}}, {"model": "checkout.orderlineitem", "pk": 64, "fields": {"order": 27, "furniture": 9, "quantity": 1, "lineitem_total": "15000.00"}}, {"model": "checkout.orderlineitem", "pk": 65, "fields": {"order": 28, "furniture": 22, "quantity": 1, "lineitem_total": "5000.00"}}, {"model": "checkout.orderlineitem", "pk": 66, "fields": {"order": 28, "furniture": 18, "quantity": 1, "lineitem_total": "5000.00"}}, {"model": "ratings.rating", "pk": 1, "fields": {"name": "Sebastian Tirsén", "description": "Jag är superimponerad! Vilket geni har byggt denna fantastiska ratingfunktion?", "user": 1}}, {"model": "ratings.rating", "pk": 3, "fields": {"name": "Testing", "description": "Snubbelgubbe", "user": 2}}, {"model": "profiles.userprofile", "pk": 1, "fields": {"user": 1, "default_phone_number": "0702880259", "default_street_address1": "Ringtrastvägen 33", "default_street_address2": null, "default_town_or_city": "Mars", "default_county": null, "default_postcode": "35242", "default_country": "SE"}}, {"model": "profiles.userprofile", "pk": 2, "fields": {"user": 5, "default_phone_number": null, "default_street_address1": null, "default_street_address2": null, "default_town_or_city": null, "default_county": null, "default_postcode": null, "default_country": null}}]